review_text,rating,date,source,cleaned_text,topic_text,sentiment_score,sentiment_label,dominant_topic,topic_confidence,topic_label
"Sound quality is amazing for the price, bass is punchy and clear",5,2025-01-15,amazon,"Sound quality is amazing for the price, bass is punchy and clear",sound quality amazing price bass punchy clear,0.7506,positive,0,0.8730433397525178,sound / quality / amazing
"Battery died in 3 months, warranty claim process is a nightmare, no response from customer care",1,2025-01-20,amazon,"Battery died in 3 months, warranty claim process is a nightmare, no response from customer care",battery died months warranty claim process nightmare response customer care,-0.3818,negative,1,0.8900688796876475,customer / quality / build
"Great earbuds for gym use, fits well and sweat resistant",4,2025-02-01,flipkart,"Great earbuds for gym use, fits well and sweat resistant",great earbuds gym use fits well sweat resistant,0.7351,positive,3,0.8472455303054567,hours / poor / arrived
"Received a defective piece, right earbud has no sound at all",1,2025-02-05,flipkart,"Received a defective piece, right earbud has no sound at all",received defective piece right earbud sound,-0.6249,negative,3,0.44987231355046525,hours / poor / arrived
"App keeps crashing when I try to connect my smartwatch, very frustrating",2,2025-02-10,play_store,"App keeps crashing when I try to connect my smartwatch, very frustrating",app keeps crashing try connect smartwatch frustrating,-0.4927,negative,2,0.8088763075412262,product / app / within
"Love the design and the case looks premium, connectivity is instant",5,2025-02-12,amazon,"Love the design and the case looks premium, connectivity is instant",love design case looks premium connectivity instant,0.6369,positive,1,0.6243862984235816,customer / quality / build
Delivery took 2 weeks and the box was damaged when it arrived,2,2025-02-15,flipkart,Delivery took 2 weeks and the box was damaged when it arrived,delivery took weeks box damaged arrived,-0.4404,negative,3,0.8481728106781582,hours / poor / arrived
"Customer service ignored my emails for a refund, terrible experience",1,2025-02-18,twitter,"Customer service ignored my emails for a refund, terrible experience",customer service ignored emails refund terrible experience,-0.6597,negative,0,0.805287237061286,sound / quality / amazing
"boAt Rockerz are the best budget headphones I have used, highly recommend",5,2025-02-20,reddit,"boAt Rockerz are the best budget headphones I have used, highly recommend",boat rockerz best budget headphones used highly recommend,0.7902,positive,2,0.8094298868408577,product / app / within
"Charging case stopped working after a month, feels like cheap build quality",2,2025-02-22,amazon,"Charging case stopped working after a month, feels like cheap build quality",charging case stopped working month feels like cheap build quality,0.1531,positive,1,0.9230496566221278,customer / quality / build
"App is buggy, watch face doesn't sync properly with health data",2,2025-02-25,play_store,"App is buggy, watch face doesn't sync properly with health data",app buggy watch face sync properly health data,0.0,neutral,2,0.7497445119161885,product / app / within
"Sound is decent but call quality is bad, people can't hear me clearly",3,2025-03-01,flipkart,"Sound is decent but call quality is bad, people can't hear me clearly",sound decent call quality bad people hear clearly,-0.8242,negative,0,0.7480452060790406,sound / quality / amazing
"Got a fake/counterfeit product from a third party seller, be careful",1,2025-03-03,twitter,"Got a fake/counterfeit product from a third party seller, be careful",got fake counterfeit product third party seller careful,0.5106,positive,2,0.6221354178922291,product / app / within
"Value for money product, works well for daily commute and calls",4,2025-03-05,amazon,"Value for money product, works well for daily commute and calls",value money product works well daily commute calls,0.5423,positive,1,0.7988772911313141,customer / quality / build
"Warranty replacement was smooth this time, support team was helpful",4,2025-03-08,reddit,"Warranty replacement was smooth this time, support team was helpful",warranty replacement smooth time support team helpful,0.6705,positive,2,0.7391121342373301,product / app / within
"Touch controls are too sensitive, accidental pause happens a lot",3,2025-03-10,flipkart,"Touch controls are too sensitive, accidental pause happens a lot",touch controls sensitive accidental pause happens lot,-0.0772,negative,0,0.25,sound / quality / amazing
"Excellent bass and clarity, best in this price range for gym workouts",5,2025-03-12,amazon,"Excellent bass and clarity, best in this price range for gym workouts",excellent bass clarity best price range gym workouts,0.891,positive,1,0.8458800404426892,customer / quality / build
"Product stopped charging within 2 weeks of purchase, very disappointed",1,2025-03-14,twitter,"Product stopped charging within 2 weeks of purchase, very disappointed",product stopped charging within weeks purchase disappointed,-0.6478,negative,2,0.8728060730862268,product / app / within
"Smartwatch battery backup is amazing, lasts almost a week",5,2025-03-16,play_store,"Smartwatch battery backup is amazing, lasts almost a week",smartwatch battery backup amazing lasts almost week,0.5859,positive,0,0.8476589110000149,sound / quality / amazing
Packaging was poor and item arrived with scratches,2,2025-03-18,flipkart,Packaging was poor and item arrived with scratches,packaging poor item arrived scratches,-0.4767,negative,3,0.7497335581447129,hours / poor / arrived
"Great after sales service, they replaced my defective unit quickly",5,2025-03-20,reddit,"Great after sales service, they replaced my defective unit quickly",great sales service replaced defective unit quickly,0.296,positive,2,0.8067086068581765,product / app / within
"Bluetooth keeps disconnecting randomly during calls, annoying",2,2025-03-22,amazon,"Bluetooth keeps disconnecting randomly during calls, annoying",bluetooth keeps disconnecting randomly calls annoying,-0.4019,negative,3,0.7440925211073671,hours / poor / arrived
App crashes on every launch after the latest update,1,2025-03-24,play_store,App crashes on every launch after the latest update,app crashes every launch latest update,0.0,neutral,2,0.6246703461018742,product / app / within
"Comfortable fit for long hours, no ear pain even after 6 hours of use",4,2025-03-26,flipkart,"Comfortable fit for long hours, no ear pain even after 6 hours of use",comfortable fit long hours ear pain even hours use,0.7432,positive,3,0.8106301513797263,hours / poor / arrived
"Refund process took over a month, very poor customer support",1,2025-03-28,twitter,"Refund process took over a month, very poor customer support",refund process took month poor customer support,-0.1102,negative,3,0.9039157866424711,hours / poor / arrived
"Sound quality dropped after 2 months of use, feels like a durability issue",2,2025-03-30,amazon,"Sound quality dropped after 2 months of use, feels like a durability issue",sound quality dropped months use feels like durability issue,0.3612,positive,0,0.9043671943803662,sound / quality / amazing
boAt products are stylish but build quality could be better for the price,3,2025-04-01,reddit,boAt products are stylish but build quality could be better for the price,boat products stylish build quality could better price,0.5927,positive,1,0.846235486983726,customer / quality / build
Fast delivery and product matched the description perfectly,5,2025-04-03,flipkart,Fast delivery and product matched the description perfectly,fast delivery product matched description perfectly,0.6369,positive,2,0.7453344454255564,product / app / within
"Watch strap broke within a week, cheap material used",1,2025-04-05,amazon,"Watch strap broke within a week, cheap material used",watch strap broke within week cheap material used,-0.4215,negative,2,0.8734884069384177,product / app / within
"Customer care resolved my issue within 24 hours, impressed with the support",5,2025-04-07,twitter,"Customer care resolved my issue within 24 hours, impressed with the support",customer care resolved issue within hours impressed support,0.8658,positive,1,0.8881195431983899,customer / quality / build
