review_text,rating,date,source
"Sound quality is amazing for the price, bass is punchy and clear",5,2025-01-15,amazon
"Battery died in 3 months, warranty claim process is a nightmare, no response from customer care",1,2025-01-20,amazon
"Great earbuds for gym use, fits well and sweat resistant",4,2025-02-01,flipkart
"Received a defective piece, right earbud has no sound at all",1,2025-02-05,flipkart
"App keeps crashing when I try to connect my smartwatch, very frustrating",2,2025-02-10,play_store
"Love the design and the case looks premium, connectivity is instant",5,2025-02-12,amazon
"Delivery took 2 weeks and the box was damaged when it arrived",2,2025-02-15,flipkart
"Customer service ignored my emails for a refund, terrible experience",1,2025-02-18,twitter
"boAt Rockerz are the best budget headphones I have used, highly recommend",5,2025-02-20,reddit
"Charging case stopped working after a month, feels like cheap build quality",2,2025-02-22,amazon
"App is buggy, watch face doesn't sync properly with health data",2,2025-02-25,play_store
"Sound is decent but call quality is bad, people can't hear me clearly",3,2025-03-01,flipkart
"Got a fake/counterfeit product from a third party seller, be careful",1,2025-03-03,twitter
"Value for money product, works well for daily commute and calls",4,2025-03-05,amazon
"Warranty replacement was smooth this time, support team was helpful",4,2025-03-08,reddit
"Touch controls are too sensitive, accidental pause happens a lot",3,2025-03-10,flipkart
"Excellent bass and clarity, best in this price range for gym workouts",5,2025-03-12,amazon
"Product stopped charging within 2 weeks of purchase, very disappointed",1,2025-03-14,twitter
"Smartwatch battery backup is amazing, lasts almost a week",5,2025-03-16,play_store
"Packaging was poor and item arrived with scratches",2,2025-03-18,flipkart
"Great after sales service, they replaced my defective unit quickly",5,2025-03-20,reddit
"Bluetooth keeps disconnecting randomly during calls, annoying",2,2025-03-22,amazon
"App crashes on every launch after the latest update",1,2025-03-24,play_store
"Comfortable fit for long hours, no ear pain even after 6 hours of use",4,2025-03-26,flipkart
"Refund process took over a month, very poor customer support",1,2025-03-28,twitter
"Sound quality dropped after 2 months of use, feels like a durability issue",2,2025-03-30,amazon
"boAt products are stylish but build quality could be better for the price",3,2025-04-01,reddit
"Fast delivery and product matched the description perfectly",5,2025-04-03,flipkart
"Watch strap broke within a week, cheap material used",1,2025-04-05,amazon
"Customer care resolved my issue within 24 hours, impressed with the support",5,2025-04-07,twitter
